name,email,gender
Theodosia,tleon0@behance.net,Female
Onfroi,ogarlee1@nhs.uk,Male
Dmitri,dfelton2@chicagotribune.com,Male
Lilia,lciccone3@ox.ac.uk,Female
Conrade,ctitchener4@fda.gov,Male
Kellia,kkapiloff5@opera.com,Female
Annadiana,agodfery6@google.com,Female
Alysa,adayley7@samsung.com,Female
Allard,adawdry8@google.com.br,Male
Dominik,dbeckinsall9@symantec.com,Genderqueer
Alla,alasseya@ebay.com,Agender
Gay,ghuguesb@a8.net,Male
Ruddie,rbradnickc@cpanel.net,Male
Avie,ariccid@parallels.com,Female
Gabie,gperilloe@china.com.cn,Female
Cameron,cburnepf@ucsd.edu,Genderfluid
Rodger,rhutsong@pinterest.com,Male
Yasmeen,ydelicateh@godaddy.com,Female
Anallese,agrogonai@xinhuanet.com,Female
Arabel,abogiesj@xrea.com,Female
Arnuad,acolink@webmd.com,Male
Nigel,ncreeboel@clickbank.net,Male
Mar,mbettism@wufoo.com,Male
Dorrie,dadrianellon@altervista.org,Female
Henri,hjanczewskio@msn.com,Bigender
Tessi,ttuddenhamp@webs.com,Female
Blinny,bdraytonq@cafepress.com,Female
Cody,cdivinyr@hibu.com,Male
Regen,rbrashiers@google.co.uk,Male
Mylo,mcornst@linkedin.com,Male
Robinet,ralveyu@multiply.com,Female
Waite,wolekhovv@cnbc.com,Male
Gui,gjumeauw@instagram.com,Female
Cirstoforo,ccormodex@mtv.com,Male
Rube,rmcreynoldy@bravesites.com,Male
Freeland,fgorez@google.ru,Male
Erastus,eliff10@adobe.com,Male
Margret,mdeaconson11@patch.com,Female
Clovis,cmacgorman12@devhub.com,Female
Lorain,lmckomb13@fotki.com,Female
Dario,draeside14@cdbaby.com,Male
Seth,sbyart15@sfgate.com,Male
Rosalynd,rquantrill16@unicef.org,Female
Bernice,bdeleon17@mtv.com,Female
Joyce,jelloit18@so-net.ne.jp,Female
Sissy,sends19@stanford.edu,Female
Brandon,bamey1a@buzzfeed.com,Male
Gerald,gbulfoot1b@goo.gl,Male
Delainey,dgabby1c@nytimes.com,Male
Giordano,glowbridge1d@mashable.com,Male
Leonhard,letchells1e@angelfire.com,Male
Gran,ghackford1f@google.com.br,Male
Augie,agelder1g@infoseek.co.jp,Male
Leola,lhyatt1h@theglobeandmail.com,Female
Boigie,blamblin1i@sciencedirect.com,Male
Fredia,flivock1j@unesco.org,Female
Malva,mdunk1k@domainmarket.com,Female
Natka,nyerby1l@sciencedaily.com,Female
Claudius,celsdon1m@cornell.edu,Male
Stanfield,shellard1n@army.mil,Male
Dunc,dburbury1o@lulu.com,Male
Bette,bardron1p@wikispaces.com,Female
Elysee,eallitt1q@uiuc.edu,Female
Eddy,etinghill1r@nasa.gov,Male
Julianne,jleteve1s@etsy.com,Female
Shelly,swyd1t@google.pl,Female
Ferguson,flanahan1u@mediafire.com,Male
Denny,dcasa1v@meetup.com,Female
Gerrie,ggadson1w@pagesperso-orange.fr,Male
Leslie,lwormleighton1x@cloudflare.com,Male
Bearnard,bdrohan1y@engadget.com,Male
Osbourn,ojesty1z@adobe.com,Male
Dwain,dirlam20@boston.com,Male
Raffaello,rpreece21@mayoclinic.com,Male
Blinny,biskow22@home.pl,Female
Wittie,wstronge23@cbc.ca,Male
Jacob,jmeachem24@vinaora.com,Male
Sammy,sbrickell25@ow.ly,Male
Ossie,omulgrew26@unesco.org,Male
Anders,aruler27@si.edu,Male
Enoch,ehutsby28@soup.io,Male
Alva,akewzick29@miibeian.gov.cn,Male
Allyn,anerval2a@ebay.co.uk,Genderfluid
Evangelia,ekadd2b@nifty.com,Female
Shirlene,smatveiko2c@howstuffworks.com,Female
Jilleen,jlinnett2d@hatena.ne.jp,Female
Ashly,alegh2e@163.com,Female
Joycelin,jwoolmer2f@buzzfeed.com,Female
Enrico,esmidmoor2g@netvibes.com,Male
Babb,bvann2h@examiner.com,Female
Whit,wdiggle2i@yellowbook.com,Male
Oliver,ostanworth2j@squarespace.com,Male
Arabella,apregal2k@tumblr.com,Female
Gretal,ghoutbie2l@gmpg.org,Genderfluid
Alexander,aglasscoo2m@webnode.com,Male
Finlay,fogger2n@twitter.com,Male
Latashia,lbanner2o@google.fr,Bigender
Wallie,wrisley2p@list-manage.com,Female
Annabel,aspurway2q@zdnet.com,Female
Janie,jswanborrow2r@foxnews.com,Female
Betta,bblackstone2s@deliciousdays.com,Female
Marlyn,mreubel2t@exblog.jp,Female
Ky,kree2u@baidu.com,Male
Gib,gspiers2v@yale.edu,Male
Monte,mpardue2w@myspace.com,Male
Luke,lstoddard2x@trellian.com,Male
Tyrus,tboatright2y@imageshack.us,Male
Allard,asawnwy2z@mashable.com,Bigender
Dot,ddudenie30@fc2.com,Female
Roselia,rmartinson31@army.mil,Female
Jeremie,jlimer32@opensource.org,Male
Devy,dcreedland33@alexa.com,Male
Nobie,nstroban34@weather.com,Male
Nealy,nlyster35@php.net,Male
Flossie,fhalsall36@booking.com,Female
Sven,spauwel37@google.com.hk,Male
Sarita,sgrigolon38@usgs.gov,Female
Emery,efake39@flavors.me,Male
Jody,jhopkyns3a@youtube.com,Female
Brok,btyson3b@miitbeian.gov.cn,Male
Sandro,sthorneley3c@google.ru,Male
Susanna,scartmill3d@yale.edu,Female
Jerrylee,jansett3e@csmonitor.com,Female
Erich,eparkes3f@yellowpages.com,Male
Rance,respinoy3g@mysql.com,Male
Katrinka,kmccullouch3h@indiatimes.com,Female
Farly,feaken3i@wp.com,Male
Edeline,elewry3j@symantec.com,Female
Lodovico,lsyme3k@blogtalkradio.com,Male
Abraham,ahornung3l@cnet.com,Male
Norman,nelijah3m@spotify.com,Male
Georgetta,gleglise3n@time.com,Polygender
Louisette,lleneve3o@hao123.com,Female
Devon,dcolvie3p@ca.gov,Female
Dieter,dbirtwisle3q@seesaa.net,Male
Renaud,rjolliss3r@nsw.gov.au,Male
Edwin,esimester3s@indiatimes.com,Male
Rowen,rchilderhouse3t@usgs.gov,Male
Sile,stallet3u@technorati.com,Female
Mikael,mdeblasio3v@microsoft.com,Male
Bobette,bboss3w@cisco.com,Female
Emelda,ecolwill3x@com.com,Female
Mira,mmartello3y@trellian.com,Female
Murial,msouthernwood3z@gizmodo.com,Female
Rivalee,rbiggen40@senate.gov,Female
Ali,aboyse41@hexun.com,Male
Cosme,cbaltrushaitis42@berkeley.edu,Male
Ilysa,igislebert43@archive.org,Female
Veronike,viacovo44@nationalgeographic.com,Female
Floyd,ftoy45@boston.com,Male
Wolfie,wbeare46@wufoo.com,Male
Alfy,aduggon47@apple.com,Female
Cherilyn,cambrozewicz48@webs.com,Female
Tris,tkorejs49@hostgator.com,Male
Estrellita,edrees4a@bigcartel.com,Female
Alvira,ahillen4b@blogs.com,Female
Jennilee,joloughran4c@flavors.me,Female
Gisella,gmateuszczyk4d@opera.com,Female
Consalve,cpender4e@typepad.com,Male
Dev,dgerrad4f@studiopress.com,Male
Janey,jwithey4g@ibm.com,Female
Kyrstin,kbinch4h@washington.edu,Female
Marcile,myushkin4i@eepurl.com,Female
Phyllida,pmcwhan4j@squidoo.com,Agender
Odelia,oesgate4k@blogspot.com,Polygender
Liza,lfist4l@so-net.ne.jp,Female
Sigismundo,sfulep4m@woothemes.com,Male
Den,dvoden4n@dot.gov,Male
Thaddus,tower4o@sina.com.cn,Male
Kippie,kfoskew4p@163.com,Female
Riley,rsheasby4q@php.net,Male
Maridel,mkiebes4r@umich.edu,Female
Ty,tbendley4s@last.fm,Male
Zach,zreggler4t@dagondesign.com,Male
Russell,rodunneen4u@apple.com,Male
Bell,bhuton4v@usatoday.com,Female
Grantley,glawille4w@biblegateway.com,Male
Fannie,fwaren4x@hud.gov,Female
Filide,fmerrien4y@geocities.jp,Female
Leese,ltesh4z@usda.gov,Female
Bertie,bfursland50@google.pl,Male
Casper,ctrobe51@geocities.com,Male
Jeramey,jprestney52@t-online.de,Male
Brigida,bbrosenius53@webeden.co.uk,Female
Caralie,ccribbins54@skyrock.com,Female
Sherman,sdienes55@china.com.cn,Male
Lindsay,locarrol56@abc.net.au,Female
Birch,bteaze57@ustream.tv,Male
Elsworth,ekilford58@elegantthemes.com,Male
Wally,wfellgatt59@geocities.jp,Female
Jorge,jgoley5a@google.it,Male
Waverley,wdonaghy5b@soundcloud.com,Male
Otes,owitcher5c@last.fm,Male
Link,lwilmot5d@springer.com,Male
Geneva,gwaltering5e@stumbleupon.com,Female
Lorita,lbarkhouse5f@artisteer.com,Female
Phillip,ppyle5g@zimbio.com,Bigender
Peri,pcorre5h@cyberchimps.com,Female
Salvatore,sfedorski5i@zimbio.com,Male
Ricki,rpiercey5j@usatoday.com,Male
Erskine,elindell5k@hhs.gov,Male
Mendy,mdamiata5l@youku.com,Male
Anallese,airdale5m@bloomberg.com,Genderfluid
Leland,lfilisov5n@123-reg.co.uk,Female
Bruce,bpickvance5o@goo.gl,Male
Natale,nmelarkey5p@free.fr,Male
Kevan,kfothergill5q@stanford.edu,Male
Delmer,dreignolds5r@irs.gov,Male
Read,rcharsley5s@ning.com,Male
Jordon,jegell5t@moonfruit.com,Male
Opalina,odrayson5u@google.com.br,Female
Elvira,eharcarse5v@icq.com,Female
Spike,shiscoe5w@liveinternet.ru,Male
Padraic,prabbage5x@biblegateway.com,Male
Vaughan,vwindrum5y@desdev.cn,Male
Lanna,lleese5z@nyu.edu,Female
Yancy,yhawkings60@freewebs.com,Male
Melvyn,moregan61@cbc.ca,Agender
Marigold,mtomich62@facebook.com,Female
Allsun,aashling63@usa.gov,Female
Otho,odoley64@hibu.com,Male
Meghann,mrolles65@scientificamerican.com,Female
Lannie,lgarron66@nsw.gov.au,Male
Pattin,pheyworth67@oakley.com,Male
Neale,norrice68@yahoo.com,Male
Ardella,aodda69@techcrunch.com,Female
Ethelda,ewalcar6a@hatena.ne.jp,Bigender
Camille,cabbatucci6b@ucsd.edu,Female
Broderick,bdowyer6c@upenn.edu,Male
Sherry,sklaaassen6d@yahoo.com,Bigender
Benedicto,blipson6e@about.me,Male
Claudius,cmackonochie6f@telegraph.co.uk,Male
Anne-corinne,acappell6g@baidu.com,Polygender
Ethe,eeburne6h@skype.com,Male
Aylmar,aeppson6i@friendfeed.com,Male
Car,cfolger6j@issuu.com,Male
Salvidor,svanderkruijs6k@mapquest.com,Male
Aleksandr,agreguoli6l@t-online.de,Male
Vicki,veaken6m@wp.com,Female
Devy,dthrelkeld6n@nps.gov,Male
Elsinore,evoase6o@theglobeandmail.com,Female
Janela,jbeynke6p@china.com.cn,Female
Peyter,pfarrears6q@umich.edu,Male
Ronda,rgow6r@umich.edu,Female
Rusty,rtemporal6s@odnoklassniki.ru,Male
Dynah,ddorrian6t@freewebs.com,Female
Lindsey,lbarford6u@feedburner.com,Female
May,mblomefield6v@shutterfly.com,Agender
Delmer,dstag6w@whitehouse.gov,Male
Kenyon,kcherry6x@booking.com,Male
Hastie,hgelardi6y@google.es,Male
Windham,wcorness6z@home.pl,Male
Godiva,glemerle70@behance.net,Female
Estevan,emountlow71@theatlantic.com,Male
Terrie,tceresa72@naver.com,Female
Cordie,cmance73@apache.org,Female
Giulio,ggayforth74@prlog.org,Male
Felice,fspellissy75@zimbio.com,Female
Sher,sjakubovitch76@amazon.com,Female
Flossi,fcollocott77@microsoft.com,Female
Annice,awerlock78@scientificamerican.com,Female
Zora,zhydes79@cocolog-nifty.com,Female
Sibbie,smunday7a@mit.edu,Female
Lind,lpetrie7b@disqus.com,Male
Matt,mlangthorn7c@sbwire.com,Male
Frederique,fdelmage7d@wix.com,Female
Adolphe,aairy7e@washingtonpost.com,Male
Gregg,gcleft7f@alibaba.com,Male
Osmond,oairth7g@noaa.gov,Male
Thaxter,tsinderson7h@twitter.com,Male
Ashley,acarlisso7i@ebay.co.uk,Male
Isak,icatteroll7j@intel.com,Male
Suzann,stry7k@parallels.com,Female
Calhoun,cdavidzon7l@webnode.com,Genderfluid
Dulcy,dmordecai7m@list-manage.com,Female
Orran,odingle7n@nature.com,Male
Seamus,sgosnall7o@cyberchimps.com,Male
Paxon,pdeveral7p@va.gov,Male
Billie,bdoughartie7q@google.com.hk,Polygender
Tatiana,tborgesio7r@globo.com,Female
Alleyn,aaukland7s@mayoclinic.com,Polygender
Marina,mhannent7t@flavors.me,Female
Paulette,ptenbroek7u@bloglovin.com,Female
Jase,jmckinlay7v@1und1.de,Male
Donny,dgamage7w@ning.com,Female
Darnell,dcumpsty7x@w3.org,Male
Shepard,sgrinval7y@toplist.cz,Male
Clarisse,cfalconar7z@sbwire.com,Female
Alison,ademelt80@senate.gov,Female
Willie,wdring81@salon.com,Male
Gideon,gcecely82@ox.ac.uk,Male
Shaylynn,sphizackerly83@theglobeandmail.com,Female
Olivero,ogockelen84@sphinn.com,Male
Alyssa,aesberger85@home.pl,Female
Emilia,ebaude86@php.net,Female
Gerrilee,gludwell87@who.int,Female
Sidoney,ssimco88@prlog.org,Female
Odie,osundin89@people.com.cn,Male
Reese,rwavish8a@bing.com,Genderfluid
Antoni,acastells8b@edublogs.org,Male
Minny,mrandleson8c@harvard.edu,Female
Melina,msallery8d@so-net.ne.jp,Female
Jobyna,jkohring8e@soup.io,Female
Marrilee,mcooke8f@wiley.com,Female
Mariellen,mgringley8g@taobao.com,Female
Madelina,mchasney8h@ebay.co.uk,Female
Vernon,vfoxten8i@photobucket.com,Male
Garrek,ghouchin8j@rambler.ru,Male
Lucilia,losgar8k@auda.org.au,Female
Dillon,dbonds8l@army.mil,Male
Tulley,tpopple8m@furl.net,Male
Ilse,iblethin8n@msu.edu,Female
Chester,cpryde8o@howstuffworks.com,Genderfluid
Verena,vrenvoys8p@abc.net.au,Female
Leta,lblest8q@stumbleupon.com,Female
Channa,cgrzegorzewicz8r@mozilla.com,Female
Jacquie,jturnell8s@npr.org,Female
Sherm,storricina8t@csmonitor.com,Male
Syman,schainey8u@cyberchimps.com,Male
Nelly,nswatten8v@mapquest.com,Female
Alicia,awenzel8w@sciencedaily.com,Female
Barn,bhunnywell8x@naver.com,Male
Pedro,psunshine8y@themeforest.net,Male
Virgil,vwalak8z@sciencedaily.com,Male
Byran,bleisk90@adobe.com,Male
Lil,lwhybray91@msn.com,Polygender
Worden,wkeeble92@senate.gov,Male
Baudoin,blaxe93@taobao.com,Male
Lenore,ldiggin94@sakura.ne.jp,Female
Huntington,hhamprecht95@ovh.net,Male
Blaire,bmaruska96@yale.edu,Female
Thibaut,tbantick97@cbslocal.com,Male
Godfrey,gjeanequin98@networkadvertising.org,Male
Phillip,pcanfer99@bloomberg.com,Male
Waneta,wswendell9a@hc360.com,Female
Jocelin,jcorke9b@huffingtonpost.com,Female
Wallace,wnoir9c@github.io,Male
Alard,abardwall9d@reuters.com,Genderqueer
Jenelle,jraselles9e@miitbeian.gov.cn,Female
Antoine,abellwood9f@ed.gov,Male
Kathye,khehl9g@google.fr,Female
Rahal,rwrathall9h@nydailynews.com,Bigender
Carol-jean,cjodlkowski9i@eventbrite.com,Female
Laurens,lspendlove9j@i2i.jp,Male
Jdavie,jredhills9k@howstuffworks.com,Male
Mose,mnewiss9l@blogs.com,Male
Peggie,pcheese9m@uol.com.br,Female
Sibella,sbroune9n@is.gd,Female
Findley,flandy9o@ebay.com,Male
Adeline,awornham9p@hp.com,Female
Tris,thaking9q@wufoo.com,Male
Ruperta,rmaund9r@scribd.com,Agender
Estevan,eroxburgh9s@reference.com,Male
Ches,ckingsworth9t@hexun.com,Male
Sandro,sbigmore9u@irs.gov,Male
El,eforeman9v@un.org,Male
Nevil,ntinwell9w@japanpost.jp,Male
Yanaton,ypley9x@hp.com,Male
Rodolfo,rwadley9y@gmpg.org,Male
Velvet,vtinan9z@tuttocitta.it,Female
Suzette,sscramagea0@unc.edu,Female
Lorry,lbraina1@webmd.com,Female
Waylan,wmcmurdoa2@usnews.com,Male
Glennis,gbuya3@wp.com,Non-binary
Claire,cbuttera4@elpais.com,Male
Wilek,wbrighousea5@sfgate.com,Male
Welbie,wofahertya6@tripadvisor.com,Male
Bellanca,bsummersa7@mtv.com,Female
Frannie,fpanniersa8@abc.net.au,Female
Tadeo,tholbiea9@telegraph.co.uk,Male
Uriel,unorthgravesaa@wikipedia.org,Male
Tasha,tjeeksab@homestead.com,Female
Madeleine,mlowdwellac@freewebs.com,Female
Caren,cgirardezad@google.com.br,Genderfluid
Lil,lgunsonae@china.com.cn,Female
Alys,amcevonaf@vistaprint.com,Female
Fields,fkeelyag@newyorker.com,Male
Emile,estidstonah@walmart.com,Male
Grove,gdevilleai@phpbb.com,Male
Ellette,ecrammyaj@ifeng.com,Female
Godart,gaggeak@ca.gov,Male
Jeddy,jdutchal@slate.com,Male
Levi,lgauchieram@house.gov,Male
Terence,tthuillieran@prweb.com,Non-binary
Raoul,rbelseyao@purevolume.com,Male
Rex,rstickleyap@seesaa.net,Male
Ashlie,atomsuaq@ycombinator.com,Female
Grayce,giddyar@pagesperso-orange.fr,Polygender
Guido,ghallowesas@bloglines.com,Male
Raviv,raslamat@mashable.com,Male
Audi,asaurau@hugedomains.com,Female
Bekki,bradboneav@tuttocitta.it,Female
Horton,hkingdomaw@usgs.gov,Male
Omero,omarietonax@hud.gov,Male
Renard,rtrawinay@ftc.gov,Male
Wylma,wleroyaz@ed.gov,Female
Annamaria,adillintonb0@google.ca,Female
Chance,ccatheryb1@umich.edu,Genderqueer
Hildegaard,hdegiorgiob2@pbs.org,Female
Des,dreimerb3@istockphoto.com,Male
Anjanette,ageikieb4@ameblo.jp,Female
Vergil,vgermainb5@addthis.com,Male
Ceil,cjozwickib6@shutterfly.com,Female
Amberly,abradnockeb7@flavors.me,Female
Arlyne,arapportb8@rakuten.co.jp,Female
Silva,sgeerlingb9@over-blog.com,Female
Marja,mjanssenba@acquirethisname.com,Female
Christal,ccrosskillbb@chronoengine.com,Female
Dillon,dheppenspallbc@umn.edu,Male
Florentia,fdelaeglisebd@go.com,Female
Jonis,jnetleybe@nymag.com,Polygender
Salmon,sdrinkhallbf@desdev.cn,Male
Sunny,sberwickbg@cargocollective.com,Male
Hyatt,hmcgloinbh@army.mil,Male
Guillaume,gjaskiewiczbi@bbb.org,Male
Padraig,pbryettbj@msu.edu,Male
Shea,srawbk@1und1.de,Female
Tessa,tgarnsonbl@dropbox.com,Female
Cchaddie,channonbm@npr.org,Male
Arlina,afawcittbn@marketwatch.com,Female
Letta,llewingbo@google.fr,Female
Michaelina,mlowethbp@icq.com,Female
Minna,mambrogellibq@deviantart.com,Female
Hayward,hfawlobr@blinklist.com,Male
Darbie,drathbonebs@sbwire.com,Female
Thorsten,tdimeloebt@dyndns.org,Male
Jillane,jhakeybu@businessweek.com,Female
Orel,oolnerbv@ask.com,Female
Darrel,dheislerbw@g.co,Male
Ashely,acastellbx@columbia.edu,Female
Nefen,nbibbyby@usda.gov,Male
Briant,bstuehmeyerbz@cbslocal.com,Male
Gerik,ggeytonc0@bbc.co.uk,Non-binary
Amelie,astainburnc1@theatlantic.com,Female
Sheena,scornillotc2@unesco.org,Female
Ida,ibilamc3@sphinn.com,Female
Virgina,vseabridgec4@yellowpages.com,Female
Frederich,fleacockc5@businesswire.com,Male
Nedda,nclarabutc6@sitemeter.com,Female
Demetre,dduhigc7@opensource.org,Male
Conroy,cdwanec8@de.vu,Male
Deana,dpinkertonc9@examiner.com,Female
Deeanne,dstempeca@cdc.gov,Female
Claudette,colivacb@free.fr,Genderqueer
Analiese,ahamsleycc@timesonline.co.uk,Female
Everard,epechetcd@bloglines.com,Male
Geri,gbeezece@vinaora.com,Male
Ashli,ahuddlecf@imageshack.us,Female
Marylou,msodocg@wisc.edu,Female
Horst,hmullaneych@a8.net,Male
Grace,gtongueci@harvard.edu,Male
Andie,amcclearycj@amazon.com,Female
Hannie,hmullinderck@ovh.net,Female
Alistair,aaringtoncl@yellowpages.com,Male
Vidovic,vhardincm@deliciousdays.com,Male
Hoyt,hchristophlecn@clickbank.net,Male
Dehlia,dlefleyco@nps.gov,Agender
Dorothee,dcastelowcp@liveinternet.ru,Genderqueer
Kessiah,kdalloncq@marketwatch.com,Polygender
Hinda,hgildeacr@lycos.com,Female
Pattie,ptarrycs@people.com.cn,Male
Godfrey,ggollyct@constantcontact.com,Male
Willy,wfarnishcu@huffingtonpost.com,Genderfluid
Kincaid,kblayneycv@rediff.com,Male
Cynthy,cshayescw@weebly.com,Female
Lucille,linskocx@bizjournals.com,Female
Wallie,wbirdallcy@gov.uk,Polygender
Zach,zmalimcz@bloglines.com,Male
Jeanna,jderechterd0@wp.com,Agender
Padgett,pzoepheld1@gravatar.com,Male
Desiree,dgyerd2@cisco.com,Female
Vanni,vklaffd3@yandex.ru,Polygender
Lani,lredihalghd4@opera.com,Female
Caro,cbirrelld5@shop-pro.jp,Female
Rutherford,rbaldassid6@yale.edu,Male
Virgilio,vduferied7@symantec.com,Male
Thomasina,tandresd8@i2i.jp,Female
Dewain,darangyd9@samsung.com,Male
Luis,lchasleda@stumbleupon.com,Male
Hulda,hortodb@hexun.com,Female
Paddie,pferrillodc@cocolog-nifty.com,Male
Bird,bcalderwooddd@usatoday.com,Female
Dunn,dwyssde@cyberchimps.com,Non-binary
Dylan,dballachdf@mozilla.com,Male
Myrwyn,mfoucherdg@yellowbook.com,Male
Halli,hhorwelldh@gmpg.org,Female
Stafani,sravensdi@unicef.org,Female
Nicholle,ndallywaterdj@tuttocitta.it,Female
Meredithe,mklimkedk@issuu.com,Female
Ezmeralda,epoolydl@cocolog-nifty.com,Female
Nathalie,nsinnottdm@arizona.edu,Polygender
Christian,cpartlettdn@ebay.co.uk,Male
Lynsey,lsiemandldo@phoca.cz,Female
Rudolf,rbeakdp@theglobeandmail.com,Non-binary
Virgilio,vsunnucksdq@ft.com,Male
Bidget,babrianidr@wordpress.org,Female
Nissy,nabrahamsends@bluehost.com,Female
Zackariah,zbattissondt@163.com,Genderfluid
Gabi,ghinchcliffedu@pcworld.com,Non-binary
Goldie,gspatadv@drupal.org,Female
Griselda,gsaunierdw@purevolume.com,Female
Eamon,esleathdx@ehow.com,Male
Hill,hmottramdy@apple.com,Male
Shena,sbrickseydz@moonfruit.com,Female
Bonnee,bdarycotte0@dropbox.com,Female
Dorri,dondruse1@google.co.jp,Female
Marget,mcurmee2@cbc.ca,Female
Walsh,whampe3@paypal.com,Male
Neddie,nrehme4@people.com.cn,Polygender
Michele,mtimminse5@cnn.com,Male
Garvey,gboldersone6@1688.com,Male
Eb,ehubballe7@symantec.com,Male
Izzy,ijohanssene8@freewebs.com,Agender
Duncan,dkielye9@unesco.org,Male
Keary,kreapea@meetup.com,Male
Durand,dbrehaulteb@whitehouse.gov,Male
Claiborne,csparkeec@google.co.uk,Male
Jonah,jcuxoned@last.fm,Male
Jo-anne,jgladdolphee@ted.com,Female
Traci,tbuneyef@ovh.net,Bigender
Elnora,ehampshaweg@chicagotribune.com,Female
Irving,ibacheh@mapquest.com,Male
Allyn,ashewardei@delicious.com,Male
Lisabeth,lfitzjohnej@jalbum.net,Female
Irv,icolterek@mlb.com,Male
Bord,bsparlingel@cnet.com,Male
Derby,dcazaletem@google.com,Male
Bryan,bbouchieren@arizona.edu,Male
Reynard,rtschierscheo@tripadvisor.com,Male
Konstantin,kcavetep@mozilla.com,Male
Vivien,vouchterlonyeq@lulu.com,Female
Turner,tcanedoer@cafepress.com,Male
Dwain,dvanarsdalees@ca.gov,Male
Frasquito,fduffanet@examiner.com,Male
Michel,msutliffeu@digg.com,Genderqueer
Renee,rmcgovernev@narod.ru,Non-binary
Leicester,lphillipew@statcounter.com,Male
Zeb,zgaisfordex@fotki.com,Male
Carlos,cmoynhamey@reference.com,Male
Annadiane,awalpoleez@jigsy.com,Female
Elijah,epeckf0@cnbc.com,Male
Jerry,jcloneyf1@edublogs.org,Male
Anne-marie,acowderyf2@washingtonpost.com,Female
Hamlen,hvernonf3@europa.eu,Male
Andrey,atumiltyf4@tumblr.com,Male
Nike,ncheerf5@example.com,Female
Leena,lmyringf6@mozilla.com,Female
Kristopher,kqusklayf7@amazon.de,Male
Jenda,jshinef8@mapquest.com,Female
Faythe,fevemyf9@symantec.com,Female
Cathlene,cscullardfa@sun.com,Female
Oswell,oreddfb@indiegogo.com,Male
Chiarra,cjefferyfc@zdnet.com,Female
Forest,ffieldersfd@vimeo.com,Male
Charisse,cbockmannfe@pen.io,Female
Aurthur,adobbinsonff@google.ru,Male
Blondy,bchekefg@odnoklassniki.ru,Female
Jack,jguyefh@hexun.com,Genderqueer
Pascale,pwabererfi@ox.ac.uk,Male
Annice,aowenfj@rakuten.co.jp,Female
Louis,lcrowdacefk@taobao.com,Male
Natal,nmayofl@furl.net,Male
Minetta,msharramfm@seattletimes.com,Female
Olivero,odurrantfn@bravesites.com,Male
Ody,oharrowfo@princeton.edu,Male
Cherye,ctropmanfp@vistaprint.com,Female
Warren,wmeiningenfq@europa.eu,Male
Shem,sturrillfr@seattletimes.com,Polygender
Dyann,dreutherfs@sina.com.cn,Female
Ame,ahuwsft@amazon.co.uk,Female
Thayne,tmacdonellfu@ycombinator.com,Male
Magdalene,mruddickfv@miibeian.gov.cn,Female
Lionello,lridgerfw@ucla.edu,Male
Cleopatra,cleitchefx@list-manage.com,Female
Padraic,psheekeyfy@phpbb.com,Male
Ignatius,iyurocjkinfz@acquirethisname.com,Male
Price,pjirucag0@google.com.au,Male
Vernice,vparkeyg1@slideshare.net,Female
Remus,rcullityg2@jiathis.com,Male
Dall,dsoarsg3@flavors.me,Male
Gale,gpettmang4@yelp.com,Female
Baily,btackerg5@etsy.com,Male
Daloris,dpomfretg6@cornell.edu,Bigender
Arney,agrosvenerg7@csmonitor.com,Male
Darice,dbossomg8@github.io,Female
Matthieu,minettg9@sohu.com,Male
Kendall,kolivetga@blogger.com,Male
Ronica,rchampionnetgb@printfriendly.com,Female
Brita,bshottingc@photobucket.com,Female
Shep,sstollenbeckergd@163.com,Male
Neil,nmaccafferkyge@geocities.com,Male
Leon,lshulvergf@free.fr,Male
Isaac,iagneygg@theatlantic.com,Male
Sherlocke,speddargh@howstuffworks.com,Male
Jock,jolennachaingi@princeton.edu,Male
Jannelle,jtraysgj@mysql.com,Female
Caressa,cclellandgk@t-online.de,Female
Brendin,bmcindoegl@cornell.edu,Male
Dino,dtabbernorgm@ted.com,Male
Muhammad,mgentilgn@twitter.com,Male
Vincent,volensbygo@homestead.com,Male
George,givanchikovgp@squidoo.com,Female
Ofella,orappsgq@furl.net,Female
Donica,dgoslingr@ebay.co.uk,Female
Kath,kwhitingtongs@weather.com,Polygender
Alain,achillingworthgt@ox.ac.uk,Non-binary
Dudley,ddellenbrookgu@mac.com,Male
Trudi,tlanfranchigv@csmonitor.com,Female
Carolee,cguierregw@slideshare.net,Female
Audrie,ahandfordgx@amazon.de,Female
Vivien,vlorenzinigy@sohu.com,Female
Weber,wrawcliffegz@census.gov,Male
Myra,mhollylandh0@mysql.com,Agender
Lindy,lughinih1@amazon.co.jp,Female
Beverlee,bfarquarsonh2@hugedomains.com,Female
Rozanna,rlejeanh3@gov.uk,Agender
Katerina,kbelfieldh4@google.nl,Female
Pepe,plehemannh5@t-online.de,Male
Rab,rygoeh6@shinystat.com,Male
Mart,mpargiterh7@google.nl,Bigender
Constantine,csturdgessh8@umich.edu,Male
Marybelle,morysh9@scientificamerican.com,Female
Broddie,bmackenha@bloomberg.com,Male
Joycelin,jdirandhb@prnewswire.com,Female
Bondie,bworrellhc@nps.gov,Male
Alix,atebaldhd@infoseek.co.jp,Male
Mira,mblandamerehe@stumbleupon.com,Female
Savina,skhomishinhf@vinaora.com,Female
Guenna,ggleyhg@aol.com,Female
Teodoro,tbasillonhh@dailymail.co.uk,Male
Clara,cbrockingtonhi@ebay.com,Female
Byron,bnickelshj@gnu.org,Male
Farrah,fgwalterhk@nhs.uk,Female
Erhart,emangerhl@columbia.edu,Male
Stafford,ssprowellhm@mit.edu,Male
Nathanial,ntollerhn@com.com,Male
Cozmo,cpengillyho@mlb.com,Male
Zackariah,zrollinshawhp@wiley.com,Male
Dolly,dmulhollandhq@linkedin.com,Female
Marita,mballchinhr@cisco.com,Female
Astra,afowlehs@bbb.org,Female
Jo,jabelht@noaa.gov,Agender
Rafaellle,rfucherhu@lycos.com,Male
Gilburt,gmatityahuhv@hatena.ne.jp,Male
Ogden,ojammehw@cyberchimps.com,Male
Jodee,jcalafatohx@yale.edu,Female
Antonio,aconlaundhy@1688.com,Male
Stanfield,ssimnellhz@ocn.ne.jp,Male
Perle,pgillardi0@google.it,Female
Suellen,sbadgeri1@weebly.com,Female
Jana,jgieroki2@cocolog-nifty.com,Female
Hilton,hdenormanvillei3@webnode.com,Male
Arel,afloodgatei4@admin.ch,Male
Allix,awhittami5@prnewswire.com,Female
Archie,agomani6@dropbox.com,Male
Shanda,sclemensi7@hostgator.com,Female
Martita,mleavryi8@msn.com,Female
Nanni,nterrisi9@yahoo.com,Female
Wenona,wberzinia@surveymonkey.com,Female
Lucina,ldursleyib@wp.com,Female
Thebault,tsarsfieldic@mac.com,Male
Ricky,rtatloweid@bluehost.com,Bigender
Eugene,egoldsburyie@icio.us,Male
Holt,hgavahanif@yale.edu,Male
Goraud,gfaugheyig@twitter.com,Male
Leeanne,lgiottoih@telegraph.co.uk,Polygender
Amelina,alongii@cbc.ca,Female
Frank,fkestonij@blog.com,Female
Merell,mcarnierik@liveinternet.ru,Male
Fredek,flongriggil@163.com,Male
Bettine,bhesselim@loc.gov,Female
Chrotoem,cpetofiin@rambler.ru,Polygender
Pail,pmelwallio@exblog.jp,Male
Thatcher,tmcettrickip@techcrunch.com,Male
Viva,vsalergiq@webeden.co.uk,Female
Cathrin,cbattmanir@who.int,Female
Etan,eburchillis@nba.com,Male
Aurelie,akohlertit@amazon.de,Female
Eachelle,ekeelingeiu@forbes.com,Female
Durante,drabbittiv@eepurl.com,Male
Roch,rcultchethiw@github.io,Female
Katie,kpaganix@exblog.jp,Female
Dorothee,djupeiy@ucoz.ru,Female
Erhard,ehoundsomiz@disqus.com,Male
Candace,creesej0@tamu.edu,Female
Janessa,jmaccrossonj1@ycombinator.com,Female
Aleta,arussanj2@feedburner.com,Female
Carina,cbraundtj3@godaddy.com,Female
Luise,lgrimsdellj4@imdb.com,Female
Rolph,rhabensj5@newyorker.com,Male
Alis,adanterj6@economist.com,Genderqueer
Dahlia,dkarpmanj7@scientificamerican.com,Female
Jackelyn,jmeaderj8@patch.com,Female
Elsinore,eluesleyj9@cam.ac.uk,Polygender
Jillene,jmashroja@unc.edu,Female
Tonnie,tberlingjb@archive.org,Bigender
Marla,mdevignejc@chicagotribune.com,Genderfluid
Siffre,sguilliattjd@stanford.edu,Agender
Delly,dgoncaloje@cafepress.com,Genderqueer
Merlina,meuljf@dmoz.org,Female
Clareta,cpopplestonjg@netvibes.com,Female
Clevey,cmerrelljh@slate.com,Male
Waylan,wchimesji@163.com,Male
Sada,smcgrailjj@google.ru,Female
Ari,acasarijk@sogou.com,Genderqueer
Sherye,stuppenyjl@domainmarket.com,Female
Abe,awalkdenjm@earthlink.net,Male
Broderic,brobertijn@addtoany.com,Male
Nissie,nmarshlandjo@nytimes.com,Female
Edd,ewagstaffejp@about.com,Male
Jsandye,jscholfieldjq@arstechnica.com,Female
Lonny,lgekejr@mozilla.org,Male
Krista,kundrelljs@oaic.gov.au,Female
Bonnee,bfrankomjt@hc360.com,Female
Ninnetta,nlendonju@go.com,Female
Cos,cfinklejv@naver.com,Genderqueer
Seward,sesposijw@is.gd,Male
Saxon,soldmeadowjx@virginia.edu,Male
Teresina,toehmejy@joomla.org,Female
Eal,elongmirejz@taobao.com,Male
Northrup,nnafzgerk0@domainmarket.com,Male
Timothy,tgarrudk1@gov.uk,Male
Melvyn,malderseak2@alibaba.com,Male
Rees,rboxillk3@bravesites.com,Male
Shepperd,smcrinnk4@un.org,Male
Jon,jwarlockk5@netlog.com,Male
Correna,ckidwellk6@aboutads.info,Female
Genevra,glalork7@blog.com,Female
Elli,egerholdk8@delicious.com,Female
Lane,lettritchk9@nbcnews.com,Male
Engelbert,ebitchenerka@google.nl,Male
Cart,ccoopeykb@icq.com,Male
Meagan,mprincekc@umn.edu,Female
Morry,mmcneilkd@stanford.edu,Male
Josefa,jgallyke@foxnews.com,Female
Fancie,fgraingerkf@networksolutions.com,Female
Benton,bhoulahankg@booking.com,Male
Llewellyn,lfarncombkh@purevolume.com,Non-binary
Ephrem,egerlerki@shop-pro.jp,Male
Winslow,wosmonkj@bloglines.com,Male
Venita,vellandkk@stumbleupon.com,Agender
Gennie,gattyeokl@tmall.com,Female
Abbe,ahowiesonkm@360.cn,Female
Danette,dprocterkn@businesswire.com,Female
Zulema,zbloschkeko@soundcloud.com,Female
Ber,bmooreedkp@themeforest.net,Male
Paulie,pwoodroffekq@barnesandnoble.com,Male
Marcel,mshelmerdinekr@sciencedirect.com,Male
Deva,dbearmanks@furl.net,Non-binary
Malinde,mabramzonkt@dagondesign.com,Female
Bealle,bwohlersku@discuz.net,Male
Conney,cpristnorkv@example.com,Polygender
Ferd,fmarlerkw@networksolutions.com,Male
Angeli,acarmankx@addtoany.com,Male
Rosabelle,rhyndsonky@weather.com,Female
Haslett,hpalombikz@state.gov,Male
Francois,fdomenguel0@jalbum.net,Male
Norbie,npowelll1@devhub.com,Male
Reinwald,rrufl2@jiathis.com,Male
Britt,bvaughanl3@stumbleupon.com,Female
Genna,gjanosl4@ed.gov,Female
Merralee,moliphantl5@reddit.com,Female
Maryjane,mbobaschl6@elpais.com,Genderfluid
Ted,tvequel7@reverbnation.com,Male
Vernor,vlunneyl8@mozilla.org,Male
Bendite,bcosynsl9@blogtalkradio.com,Female
Sarene,sbentingla@cpanel.net,Female
Connor,cnevinsonlb@altervista.org,Male
King,kchristauffourlc@behance.net,Male
Luisa,lshearstoneld@geocities.com,Female
Matias,maustle@free.fr,Male
Markos,mfosserdlf@zdnet.com,Male
Rodolph,rhurtadolg@admin.ch,Male
Lars,lbacksallh@berkeley.edu,Genderqueer
Stinky,syeardsleyli@dailymail.co.uk,Male
Glynda,gkeymelj@last.fm,Female
Hyacinthia,hsoareslk@msu.edu,Female
Ivor,ipurdonll@bloglines.com,Male
Jaclyn,jsolesburylm@51.la,Female
Elisha,eshorttln@theglobeandmail.com,Male
Wren,wmacgalllo@deviantart.com,Female
Carmen,cstuchburielp@topsy.com,Female
Lorin,ldowberlq@cdc.gov,Male
Camila,cjasiaklr@pbs.org,Female
Elaina,evarlowls@freewebs.com,Female
Stearne,sroustlt@wikipedia.org,Male
Trenna,triddettlu@networkadvertising.org,Female
Haley,hbunneylv@slashdot.org,Female
Kelby,ktruesdalelw@fda.gov,Male
Roberto,rpalleskelx@themeforest.net,Polygender
Kirby,kstradlingly@va.gov,Male
Vasilis,vleveretlz@cyberchimps.com,Male
Jocelyn,jdorkenm0@1und1.de,Female
Jack,jtalloem1@ihg.com,Male
Westbrooke,wpickhaverm2@plala.or.jp,Male
Nell,nsperem3@sohu.com,Female
Melody,mlegoodm4@g.co,Female
Ripley,rtissellm5@lulu.com,Male
Gustavus,gquennellm6@berkeley.edu,Male
Marj,mhazletonm7@free.fr,Female
Reinaldo,rdietzlerm8@wisc.edu,Male
Meta,mswannickm9@xing.com,Female
Royall,rmillsomma@blogspot.com,Male
Ed,ehansardmb@wix.com,Male
Nikita,ndadleymc@devhub.com,Male
Mikol,mladdsmd@free.fr,Male
Glynnis,gmapesme@sourceforge.net,Female
Alisander,ahelsbymf@msu.edu,Male
Jorey,jsoppermg@home.pl,Female
Charleen,crobiotmh@noaa.gov,Female
Law,ljentgesmi@cafepress.com,Male
Regina,rduffittmj@wikispaces.com,Female
Anthea,alangcastlemk@purevolume.com,Female
Moishe,mhadlingtonml@smh.com.au,Male
Ursola,usimonnotmm@diigo.com,Female
Hetty,hstuddmn@umich.edu,Female
Carlos,cgirkemo@ehow.com,Male
Pebrook,pcrickmermp@nifty.com,Male
Esdras,ewagerfieldmq@odnoklassniki.ru,Male
Carlene,csollammr@buzzfeed.com,Non-binary
Sebastiano,saffusoms@oaic.gov.au,Male
Marleen,mwoolcocksmt@cbsnews.com,Female
Sabra,sskerrettmu@nbcnews.com,Female
Monah,mtripeanmv@zimbio.com,Female
Donaugh,dbollinsmw@mapquest.com,Male
Vlad,vbudgeonmx@walmart.com,Male
Ruthann,rlubertimy@vinaora.com,Female
Hulda,hhurdmz@ning.com,Polygender
Corine,cperschken0@joomla.org,Female
Clemence,cantoinetn1@dion.ne.jp,Female
Ayn,agumaryn2@jigsy.com,Female
Dugald,dlabbetn3@php.net,Male
Fulton,frudyardn4@google.com.hk,Male
Carla,crohlfingn5@mtv.com,Female
Carmina,cstedsonn6@go.com,Female
Kele,kleckenbyn7@japanpost.jp,Male
Pier,pchernn8@ycombinator.com,Female
Ingamar,ilariven9@taobao.com,Genderqueer
Gale,glathena@amazon.com,Female
Bellanca,bpilbeamnb@seesaa.net,Female
Tammie,tivanishevnc@nbcnews.com,Female
Emile,eradouxnd@google.co.jp,Male
Adelice,aasplandne@mediafire.com,Female
Krystalle,ktantenf@epa.gov,Female
Felicdad,fsilleyng@simplemachines.org,Female
Car,cshuttlewoodnh@blogger.com,Male
Marlowe,mmccrackanni@tumblr.com,Polygender
Ransell,rgusneynj@yellowpages.com,Male
Sandy,sblorenk@hud.gov,Genderqueer
Rudolph,rgoodwellnl@ning.com,Male
Sarene,shalltnm@ehow.com,Genderfluid
Betteanne,bmccuaignn@answers.com,Female
Jo-ann,jbrownlieno@berkeley.edu,Female
Benoite,bsouleynp@umich.edu,Female
Silvia,sfomichyovnq@vimeo.com,Female
Rodina,rmcdonaghnr@npr.org,Female
Giusto,gbattsonns@vkontakte.ru,Male
Reeva,rpolglasent@blinklist.com,Female
Helen,hkomorowskinu@cargocollective.com,Female
Carol-jean,cjerattnv@amazon.com,Genderqueer
Xenia,xbootnw@is.gd,Female
Collete,cgwilymnx@godaddy.com,Female
Aeriela,acastelliny@engadget.com,Female
Arny,amillettnz@pagesperso-orange.fr,Male
Whitney,woscollaino0@omniture.com,Female
Evvy,eminghio1@examiner.com,Non-binary
Franny,fvayroo2@google.com.au,Female
Drud,ddeguiseo3@twitpic.com,Male
Torre,thambidgeo4@walmart.com,Genderfluid
Nani,nmoyseo5@themeforest.net,Female
Zonda,zrishwortho6@europa.eu,Female
Xerxes,xgunnyo7@indiatimes.com,Agender
Erasmus,eclacksono8@hp.com,Male
Albert,aatwatero9@independent.co.uk,Male
Trudey,tolivieroa@cisco.com,Female
Shawn,scaseyob@yahoo.com,Male
Chrystel,cbenoyoc@google.nl,Female
Ashlan,abellhouseod@w3.org,Female
Currey,cgersonoe@jigsy.com,Genderqueer
Ambur,afalckof@constantcontact.com,Female
Hamilton,hkestenog@bbb.org,Male
Odelinda,orosenbergeroh@dion.ne.jp,Female
Carolin,cardenoi@ucoz.ru,Bigender
Rosette,rlewsamoj@xing.com,Female
Mildred,margentok@microsoft.com,Female
Sisile,sdymondol@bloomberg.com,Female
Cassandra,cmomfordom@mozilla.org,Female
Hervey,hdaykinon@columbia.edu,Male
Galen,ggodmanoo@soundcloud.com,Male
Edan,emcartanop@wikia.com,Male
Hilario,hdelabarreoq@ycombinator.com,Male
Sky,sathyor@phoca.cz,Male
Jareb,jattardos@constantcontact.com,Male
Iorgo,igeraudyot@nifty.com,Male
Emelyne,echeshirou@deliciousdays.com,Female
Chrysa,cbisgroveov@wiley.com,Female
Iorgos,iravelusow@guardian.co.uk,Male
Katrinka,kmaccrannox@gnu.org,Genderqueer
Roda,rcardingoy@bloglines.com,Female
Pegeen,pshaddockoz@booking.com,Female
La verne,lhourstonp0@uiuc.edu,Female
Micki,mwinningp1@ibm.com,Female
Nadya,nanscottp2@hexun.com,Female
Risa,rgirogettip3@rediff.com,Female
Adolphe,abransgrovep4@wufoo.com,Male
Edvard,ekrysztowczykp5@ft.com,Male
Clayton,cdrewp6@pagesperso-orange.fr,Male
Bird,bjacoxp7@wikispaces.com,Female
Francois,fmaccroaryp8@blinklist.com,Male
Dael,dtillertonp9@adobe.com,Female
Anni,adoohanpa@amazonaws.com,Female
Fae,fdemainepb@usatoday.com,Female
Eward,ejeppspc@51.la,Male
Darrel,dsmewingpd@google.fr,Male
Niven,nevape@wikispaces.com,Male
Tuckie,tmannpf@upenn.edu,Male
Gwendolin,gchristleypg@mapquest.com,Genderqueer
Leora,lgoadbieph@wufoo.com,Female
Cullan,cmatthispi@imdb.com,Male
Russell,rwalshampj@google.cn,Male
Vladamir,vratledgepk@shareasale.com,Male
Ilene,ilupsonpl@biblegateway.com,Female
Letisha,lbranwhitepm@skype.com,Female
Hana,hhewsonpn@myspace.com,Female
Vittorio,vyounglovepo@mac.com,Bigender
Virgina,vmordecaipp@oracle.com,Female
Cristal,chanssmannpq@omniture.com,Female
Robinetta,rmilmithpr@hexun.com,Female
Phyllis,pmansuerps@about.me,Female
Ray,rmcgrortypt@columbia.edu,Female
Quincey,qbeentjespu@hubpages.com,Male
Vanda,vboshellpv@bizjournals.com,Female
Fremont,fkinglesydpw@icio.us,Male
Joeann,jbeigpx@va.gov,Female
Lizzy,lboeckpy@prweb.com,Female
Shepherd,sfiermanpz@mit.edu,Male
Kermy,kcampioneq0@homestead.com,Male
Shina,scratq1@imageshack.us,Female
Nadiya,nalfonsoq2@hubpages.com,Agender
Jodi,jcostellowq3@nifty.com,Female
Seward,saleksankinq4@mashable.com,Male
Aloysia,abayntonq5@mit.edu,Female
Natala,neakleyq6@blogtalkradio.com,Female
Casandra,csarfassq7@google.ru,Female
Fanya,fprettiq8@google.pl,Female
Osbert,oceccoliq9@artisteer.com,Male
Nikolaus,nmannoochqa@about.com,Male
Jackie,jborchardtqb@jiathis.com,Female
Pate,pcomettiqc@elegantthemes.com,Male
Jacynth,jlynaghqd@wordpress.org,Female
Farlay,fanthonsenqe@nyu.edu,Male
Elvin,epattesallqf@angelfire.com,Male
Dixie,dpresslandqg@ft.com,Female
Any,abuttrickqh@epa.gov,Male
Harrietta,hbrendishqi@dion.ne.jp,Female
Marchelle,mmonardqj@theglobeandmail.com,Female
Damien,dscrivinerqk@mapy.cz,Male
Mikey,mmeiningerql@google.ru,Male
Walker,wkeenlysideqm@vk.com,Male
Lanette,lbisphamqn@utexas.edu,Female
Maridel,mobinqo@salon.com,Genderfluid
Marcellina,mticksallqp@apache.org,Female
Jeanine,jelliottqq@usda.gov,Female
Adorne,atarquiniqr@de.vu,Female
Vivi,vchilleyqs@chron.com,Female
Ronnica,rgeorgerqt@house.gov,Female
Ellynn,eateggartqu@google.fr,Female
Den,dtwellsqv@163.com,Male
Sarina,sguillemqw@domainmarket.com,Female
Aldus,arojasqx@soundcloud.com,Male
Malvina,mreyneqy@amazon.de,Female
Inga,imoattqz@hp.com,Bigender
Pam,pdoylandr0@prweb.com,Female
Tommy,tsiggensr1@netvibes.com,Male
Alister,agermannr2@reverbnation.com,Male
Izabel,igascoyner3@pagesperso-orange.fr,Female
Henrik,hblinkhornr4@chron.com,Male
Bryon,bbartoschr5@weather.com,Male
Deanne,dmcquilkinr6@timesonline.co.uk,Female
Camila,charnellr7@cmu.edu,Female
Lorens,lmuffettr8@redcross.org,Male
Agace,apreciousr9@prnewswire.com,Female
Elsbeth,egunthorpra@drupal.org,Female
Valentin,vmcgrannrb@live.com,Male
Percival,pgoodinsonrc@ustream.tv,Male
Esma,estilerd@symantec.com,Genderfluid
Joe,jashmanre@technorati.com,Male
Tally,tierlandrf@narod.ru,Male
Lynne,lclairrg@artisteer.com,Female
Joelie,jfindleyrh@google.com,Female
Jonathon,jgrubyri@paginegialle.it,Male
Aurilia,aolerenshawrj@ucla.edu,Female
Earvin,ecrocroftrk@squarespace.com,Male
Dynah,dgauntrl@reddit.com,Non-binary
Judi,jtomovicrm@friendfeed.com,Female
Sigvard,smonksrn@google.it,Male
Rafferty,rkalewero@gizmodo.com,Genderqueer
Donny,dmacmechanrp@hugedomains.com,Female
Merna,mgreenhaughrq@ebay.com,Female
Alon,apookerr@geocities.com,Male
